{"Loss": 0.09132340177893639, "_runtime": 63, "_timestamp": 1631519118, "_step": 399, "Val Loss": 0.5842911005020142, "Acc": 83.1, "Val ACC": 3.9, "_wandb": {"runtime": 62}}