{"Loss": 0.10957730188965797, "_runtime": 97, "_timestamp": 1631519254, "_step": 399, "Val Loss": 0.5208288431167603, "Acc": 80.0, "Val ACC": 3.9, "_wandb": {"runtime": 97}}